65.27.152.78.8789,Host,22:31:57.711209
65.27.152.78.8789,Host,22:31:59.817356
65.27.152.78.7564,Host,17:59:25.566288
65.27.152.78.7564,Host,17:59:30.444931
65.27.152.78.8022,Host,18:28:15.799623
65.27.152.78.8789,Host,22:31:57.711209
65.27.152.78.8789,Host,22:31:59.817356
65.27.152.78.7564,Host,17:59:25.566288
65.27.152.78.7564,Host,17:59:30.444931
65.27.152.78.8022,Host,18:28:15.799623
65.27.152.78.8789,HTTP/1.1,22:31:57.711209
65.27.152.78.8789,HTTP/1.1,22:31:59.817356
65.27.152.78.7564,HTTP/1.1,17:59:25.566288
65.27.152.78.7564,HTTP/1.1,17:59:30.444931
65.27.152.78.8022,HTTP/1.1,18:28:15.799623
65.27.152.78.8789,HTTP/1.1,22:31:57.711209
65.27.152.78.8789,HTTP/1.1,22:31:59.817356
65.27.152.78.7564,HTTP/1.1,17:59:25.566288
65.27.152.78.7564,HTTP/1.1,17:59:30.444931
65.27.152.78.8022,HTTP/1.1,18:28:15.799623
65.27.152.78.8789,HTTP/1.1,22:31:57.711209
65.27.152.78.8789,HTTP/1.1,22:31:59.817356
65.27.152.78.7564,HTTP/1.1,17:59:25.566288
65.27.152.78.7564,HTTP/1.1,17:59:30.444931
65.27.152.78.8022,HTTP/1.1,18:28:15.799623
65.27.152.78.8789,HTTP/1.1,22:31:57.711209
65.27.152.78.8789,HTTP/1.1,22:31:59.817356
65.27.152.78.7564,HTTP/1.1,17:59:25.566288
65.27.152.78.7564,HTTP/1.1,17:59:30.444931
65.27.152.78.8022,HTTP/1.1,18:28:15.799623
