IPAddress,Username,AccessDate
24.140.54.4,cmcavey0,1603625442
219.93.204.162,sagg1,1603832974
100.152.162.12,tbubbins2,1589591697
84.153.198.187,alugsdin3,1590648804
41.230.216.77,rnisbet4,1578618162
20.124.69.145,cetty5,1592777541
126.169.202.179,crelton6,1582740570
126.40.206.78,bgabits7,1601331917
185.69.205.21,wmerill8,1591575688
184.65.37.196,bsheward9,1577273019
220.16.2.196,htwiggera,1586669508
64.108.178.114,ehumberstonb,1595911113
97.167.126.231,dcheneryc,1604754020
174.21.173.180,fcapesd,1576018524
17.37.222.100,snottinghame,1580307898
205.137.198.130,bchristenef,1598319172
218.167.246.247,mlockhartg,1576193161
88.148.144.22,dscourgieh,1602705253
212.238.100.148,mstockeyi,1573511088
58.29.59.59,rogelsbyj,1602361118
98.199.189.52,gdobererk,1597240951
91.192.227.203,wupsonl,1579658046
5.194.19.149,ecoggenm,1583826242
43.56.194.160,wroundingn,1599178658
96.250.154.175,dinwoodo,1573327939
211.154.187.59,ncollissonp,1590960526
210.190.61.100,jclarageq,1590941325
113.243.12.79,rpfeufferr,1590247478
244.129.185.193,pwestnages,1593513445
186.150.116.178,pslopiert,1590556228
222.32.81.33,bsandonu,1588822933
146.44.242.7,aolenechanv,1575835039
28.129.241.189,jdemanchew,1587034822
22.189.153.85,icollcottx,1584949331
39.160.82.36,chebbrony,1584954504
92.13.96.36,vdancyz,1582844173
141.86.170.129,gcharlton10,1593958435
2.156.237.29,jmynott11,1600287314
161.114.160.143,apigden12,1584034177
90.162.234.119,mmatson13,1588715424
52.100.224.114,bgreer14,1592778195
197.146.172.12,wgreenrod15,1589677460
230.117.15.123,smailey16,1581800813
113.102.157.154,vguwer17,1575802818
95.96.34.243,vferryman18,1581909321
69.15.47.66,athorby19,1601150152
135.119.15.73,sduncklee1a,1575585845
49.194.88.53,kpiddick1b,1604674713
55.228.200.106,hflarity1c,1600526067
248.108.128.124,cnuton1d,1581772929
223.222.3.28,hmaccostye1e,1581007589
96.210.112.63,wivchenko1f,1588058617
115.184.30.108,mbrothwood1g,1589616359
23.15.218.94,pbranton1h,1600497025
50.74.4.104,alondors1i,1599465853
128.178.242.73,mseakes1j,1585919602
47.173.146.135,dpalumbo1k,1601287941
113.114.252.57,jpresnell1l,1582632190
195.87.167.167,lhughes1m,1592875198
110.59.242.82,bfisby1n,1599449446
248.157.82.121,eames1o,1574273449
117.43.87.11,rabrey1p,1599601646
189.10.142.189,egeorgeot1q,1579237283
100.40.117.20,atorra1r,1599401361
255.96.108.165,tskitterel1s,1599200964
64.26.74.24,mhardstaff1t,1598825048
151.127.43.128,ohardeman1u,1574166839
25.99.231.88,amacilwrick1v,1599472879
253.177.6.253,sgroocock1w,1582331060
53.215.203.204,fmccrillis1x,1596053583
210.254.25.30,tmarsden1y,1602786924
235.241.128.177,wbernetti1z,1595463922
137.124.114.145,bkundt20,1598630877
220.1.31.134,tmacgeaney21,1578633076
60.96.83.159,loxbury22,1577352490
149.186.102.159,pformie23,1597982442
142.138.3.172,cplumer24,1585675247
175.156.86.13,mswinburne25,1590617169
63.215.163.6,rwoodham26,1600059238
81.111.76.13,rainsby27,1582423248
154.241.212.81,vtyne28,1604644445
72.209.100.168,ebonnin29,1604706696
59.234.189.230,abrill2a,1588292705
164.91.129.155,mleeder2b,1593913878
255.194.28.127,oacock2c,1601169951
159.122.205.127,fmaciak2d,1580688150
228.121.20.7,cfratczak2e,1577535635
243.156.53.75,jeastham2f,1585996359
222.22.66.132,lproback2g,1585042431
76.15.118.181,cmayhou2h,1584462675
0.103.20.151,ttaplow2i,1576041002
66.87.187.143,ularder2j,1590869545
80.98.58.112,glawful2k,1602253966
227.44.219.122,chuitt2l,1590265904
128.140.90.128,cbrazenor2m,1580184661
20.224.251.121,lkeightley2n,1591474106
120.224.73.250,frising2o,1584588065
155.23.230.214,ltonsley2p,1593275793
67.41.43.0,kaburrow2q,1584224843
118.79.117.253,zneggrini2r,1599882412
